transaction_id,customer_id,vendor_id,transaction_date,amount,payment_method
TXN_0,104.0,204,Invalid_Date,-50.0,Credit Card
TXN_1,,202,2026-09-01,,PayPal
TXN_2,999.0,202,Invalid_Date,120.5,Bank Transfer
TXN_3,103.0,203,Invalid_Date,,PayPal
TXN_4,104.0,203,Invalid_Date,-50.0,
TXN_5,999.0,201,2026-09-01,15000.0,
TXN_6,,204,2026-09-02,450.0,Bank Transfer
TXN_7,104.0,201,2026-09-01,15000.0,Bank Transfer
TXN_8,103.0,202,2026-09-01,120.5,
TXN_9,105.0,204,,15000.0,PayPal
TXN_10,999.0,202,2026-09-02,,PayPal
TXN_11,,202,,450.0,Credit Card
TXN_12,103.0,204,,15000.0,Bank Transfer
TXN_13,104.0,201,Invalid_Date,120.5,Credit Card
TXN_14,103.0,202,Invalid_Date,-50.0,Credit Card
TXN_15,105.0,203,,-50.0,Credit Card
TXN_16,,204,,-50.0,
TXN_17,102.0,201,Invalid_Date,450.0,
TXN_18,104.0,201,2026-09-02,450.0,
TXN_19,999.0,201,,120.5,Bank Transfer
TXN_20,,204,2026-09-02,450.0,
TXN_21,999.0,201,Invalid_Date,-50.0,PayPal
TXN_22,999.0,202,,450.0,
TXN_23,999.0,202,Invalid_Date,120.5,
TXN_24,101.0,203,Invalid_Date,-50.0,Bank Transfer
TXN_25,101.0,204,,15000.0,Bank Transfer
TXN_26,102.0,203,Invalid_Date,120.5,Bank Transfer
TXN_27,101.0,204,,-50.0,Credit Card
TXN_28,102.0,203,Invalid_Date,450.0,PayPal
TXN_29,999.0,203,,450.0,
TXN_30,999.0,201,Invalid_Date,,
TXN_31,105.0,202,Invalid_Date,15000.0,Credit Card
TXN_32,102.0,202,Invalid_Date,450.0,Credit Card
TXN_33,105.0,201,Invalid_Date,450.0,PayPal
TXN_34,999.0,201,Invalid_Date,,Credit Card
TXN_35,105.0,202,,-50.0,Bank Transfer
TXN_36,103.0,201,2026-09-02,120.5,PayPal
TXN_37,103.0,203,2026-09-02,15000.0,PayPal
TXN_38,102.0,204,,,Credit Card
TXN_39,999.0,204,2026-09-01,-50.0,Bank Transfer
TXN_40,999.0,201,,,Bank Transfer
TXN_41,105.0,201,,,PayPal
TXN_42,101.0,203,2026-09-01,450.0,
TXN_43,,203,Invalid_Date,120.5,PayPal
TXN_44,999.0,203,,120.5,Bank Transfer
TXN_45,102.0,203,2026-09-02,120.5,Credit Card
TXN_46,999.0,204,2026-09-01,450.0,Credit Card
TXN_47,103.0,203,Invalid_Date,120.5,
TXN_48,,201,Invalid_Date,15000.0,Credit Card
TXN_49,999.0,203,2026-09-01,450.0,PayPal
TXN_50,999.0,204,2026-09-02,120.5,Credit Card
TXN_51,101.0,204,,120.5,
TXN_52,102.0,204,2026-09-02,450.0,PayPal
TXN_53,,204,2026-09-01,,Credit Card
TXN_54,103.0,204,Invalid_Date,,Bank Transfer
TXN_55,102.0,204,Invalid_Date,-50.0,PayPal
TXN_56,101.0,203,2026-09-01,-50.0,Credit Card
TXN_57,,203,2026-09-02,-50.0,PayPal
TXN_58,101.0,202,,15000.0,
TXN_59,105.0,204,2026-09-01,120.5,Bank Transfer
TXN_60,103.0,201,2026-09-02,,
TXN_61,101.0,202,2026-09-01,,
TXN_62,103.0,203,2026-09-01,450.0,
TXN_63,102.0,204,,,PayPal
TXN_64,102.0,204,2026-09-02,15000.0,PayPal
TXN_65,105.0,203,2026-09-01,450.0,PayPal
TXN_66,103.0,203,Invalid_Date,15000.0,Bank Transfer
TXN_67,101.0,201,2026-09-01,-50.0,PayPal
TXN_68,102.0,204,2026-09-01,120.5,Bank Transfer
TXN_69,101.0,201,2026-09-02,450.0,Credit Card
TXN_70,104.0,201,Invalid_Date,120.5,Bank Transfer
TXN_71,105.0,203,,,Credit Card
TXN_72,103.0,202,2026-09-01,-50.0,Credit Card
TXN_73,104.0,201,2026-09-02,,Bank Transfer
TXN_74,101.0,201,,,PayPal
TXN_75,999.0,203,,,
TXN_76,999.0,201,Invalid_Date,450.0,
TXN_77,105.0,201,2026-09-02,15000.0,Bank Transfer
TXN_78,101.0,202,2026-09-01,450.0,
TXN_79,101.0,201,2026-09-01,15000.0,PayPal
TXN_80,999.0,204,2026-09-01,450.0,Credit Card
TXN_81,102.0,204,2026-09-02,450.0,Bank Transfer
TXN_82,999.0,202,2026-09-01,15000.0,Bank Transfer
TXN_83,104.0,201,,-50.0,PayPal
TXN_84,104.0,204,2026-09-01,-50.0,Credit Card
TXN_85,101.0,204,2026-09-01,,PayPal
TXN_86,999.0,203,Invalid_Date,15000.0,
TXN_87,,201,Invalid_Date,450.0,Bank Transfer
TXN_88,,204,2026-09-02,,
TXN_89,102.0,203,,450.0,
TXN_90,999.0,204,Invalid_Date,450.0,
TXN_91,103.0,204,2026-09-02,-50.0,
TXN_92,104.0,201,,15000.0,PayPal
TXN_93,105.0,203,2026-09-02,15000.0,
TXN_94,,201,,15000.0,Bank Transfer
TXN_95,104.0,202,Invalid_Date,15000.0,PayPal
TXN_96,104.0,203,Invalid_Date,-50.0,
TXN_97,104.0,203,2026-09-02,450.0,Credit Card
TXN_98,104.0,204,,-50.0,Credit Card
TXN_99,102.0,203,2026-09-02,,PayPal
TXN_100,,201,Invalid_Date,120.5,
TXN_101,104.0,203,2026-09-02,15000.0,Bank Transfer
TXN_102,102.0,204,Invalid_Date,15000.0,
TXN_103,,202,Invalid_Date,-50.0,Bank Transfer
TXN_104,104.0,203,2026-09-02,15000.0,PayPal
TXN_105,103.0,204,2026-09-02,,PayPal
TXN_106,999.0,201,2026-09-01,15000.0,PayPal
TXN_107,105.0,204,2026-09-02,120.5,Credit Card
TXN_108,102.0,203,Invalid_Date,,PayPal
TXN_109,104.0,201,2026-09-02,-50.0,Bank Transfer
TXN_110,105.0,202,2026-09-01,-50.0,PayPal
TXN_111,999.0,204,2026-09-02,15000.0,Credit Card
TXN_112,999.0,201,,-50.0,
TXN_113,105.0,204,2026-09-01,450.0,PayPal
TXN_114,103.0,202,2026-09-02,-50.0,Credit Card
TXN_115,105.0,204,2026-09-02,15000.0,Bank Transfer
TXN_116,,201,2026-09-01,15000.0,Bank Transfer
TXN_117,103.0,202,Invalid_Date,15000.0,Bank Transfer
TXN_118,999.0,203,2026-09-01,120.5,Credit Card
TXN_119,101.0,202,2026-09-01,,PayPal
TXN_120,101.0,203,Invalid_Date,15000.0,PayPal
TXN_121,103.0,202,,-50.0,Credit Card
TXN_122,999.0,202,2026-09-02,450.0,
TXN_123,103.0,203,2026-09-01,15000.0,Bank Transfer
TXN_124,,204,Invalid_Date,450.0,Bank Transfer
TXN_125,102.0,201,2026-09-01,120.5,Credit Card
TXN_126,104.0,202,2026-09-01,120.5,PayPal
TXN_127,103.0,203,,-50.0,Credit Card
TXN_128,,201,2026-09-01,-50.0,PayPal
TXN_129,101.0,202,2026-09-01,-50.0,PayPal
TXN_130,101.0,201,,,Bank Transfer
TXN_131,104.0,204,2026-09-01,-50.0,Bank Transfer
TXN_132,,204,2026-09-01,,PayPal
TXN_133,101.0,204,Invalid_Date,120.5,
TXN_134,105.0,204,,120.5,
TXN_135,102.0,202,2026-09-02,15000.0,PayPal
TXN_136,104.0,203,,450.0,Bank Transfer
TXN_137,,203,2026-09-01,120.5,
TXN_138,103.0,202,Invalid_Date,-50.0,Credit Card
TXN_139,999.0,204,Invalid_Date,450.0,
TXN_140,102.0,201,Invalid_Date,120.5,PayPal
TXN_141,101.0,201,,15000.0,
TXN_142,,203,Invalid_Date,120.5,Credit Card
TXN_143,102.0,202,Invalid_Date,120.5,PayPal
TXN_144,101.0,204,,120.5,Bank Transfer
TXN_145,105.0,202,,,Bank Transfer
TXN_146,999.0,204,Invalid_Date,,Bank Transfer
TXN_147,104.0,203,Invalid_Date,450.0,PayPal
TXN_148,105.0,203,Invalid_Date,120.5,Bank Transfer
TXN_149,999.0,201,2026-09-01,120.5,Credit Card
TXN_150,105.0,204,Invalid_Date,120.5,Credit Card
TXN_151,102.0,204,Invalid_Date,120.5,
TXN_152,104.0,204,,15000.0,Credit Card
TXN_153,,202,2026-09-01,450.0,Credit Card
TXN_154,,204,,,PayPal
TXN_155,101.0,203,2026-09-01,120.5,
TXN_156,105.0,204,2026-09-01,450.0,Bank Transfer
TXN_157,,201,,15000.0,
TXN_158,101.0,204,,450.0,PayPal
TXN_159,999.0,203,2026-09-01,120.5,PayPal
TXN_160,101.0,201,2026-09-02,,
TXN_161,104.0,203,,450.0,PayPal
TXN_162,104.0,203,,-50.0,
TXN_163,,201,Invalid_Date,15000.0,
TXN_164,999.0,203,,,PayPal
TXN_165,103.0,203,2026-09-01,450.0,PayPal
TXN_166,101.0,203,2026-09-02,450.0,PayPal
TXN_167,105.0,202,,120.5,PayPal
TXN_168,102.0,204,2026-09-01,15000.0,PayPal
TXN_169,105.0,203,2026-09-01,450.0,Bank Transfer
TXN_170,102.0,203,2026-09-01,450.0,Bank Transfer
TXN_171,103.0,201,Invalid_Date,,Bank Transfer
TXN_172,999.0,201,2026-09-01,15000.0,
TXN_173,103.0,204,,15000.0,
TXN_174,104.0,203,,120.5,Credit Card
TXN_175,105.0,201,Invalid_Date,,Bank Transfer
TXN_176,105.0,201,2026-09-02,15000.0,Bank Transfer
TXN_177,102.0,201,2026-09-02,450.0,Credit Card
TXN_178,104.0,203,,15000.0,Bank Transfer
TXN_179,101.0,203,2026-09-01,,PayPal
TXN_180,102.0,202,2026-09-02,450.0,PayPal
TXN_181,105.0,203,2026-09-02,,
TXN_182,,204,Invalid_Date,120.5,Credit Card
TXN_183,104.0,204,Invalid_Date,15000.0,PayPal
TXN_184,105.0,204,2026-09-02,-50.0,Credit Card
TXN_185,103.0,204,2026-09-02,120.5,
TXN_186,105.0,204,Invalid_Date,15000.0,PayPal
TXN_187,102.0,201,Invalid_Date,450.0,Credit Card
TXN_188,,203,2026-09-01,,Bank Transfer
TXN_189,103.0,204,Invalid_Date,15000.0,Bank Transfer
TXN_190,104.0,204,Invalid_Date,-50.0,Credit Card
TXN_191,104.0,203,,-50.0,Credit Card
TXN_192,105.0,203,Invalid_Date,,Bank Transfer
TXN_193,,202,2026-09-02,120.5,Bank Transfer
TXN_194,102.0,204,,,Bank Transfer
TXN_195,104.0,204,Invalid_Date,450.0,Credit Card
TXN_196,104.0,204,,15000.0,Credit Card
TXN_197,102.0,204,2026-09-02,450.0,Bank Transfer
TXN_198,104.0,201,2026-09-02,-50.0,
TXN_199,104.0,204,2026-09-02,,PayPal
TXN_200,,201,,,Bank Transfer
TXN_201,104.0,202,Invalid_Date,450.0,PayPal
TXN_202,103.0,201,,-50.0,PayPal
TXN_203,999.0,201,2026-09-01,120.5,Credit Card
TXN_204,102.0,204,,,Bank Transfer
TXN_205,102.0,203,2026-09-01,120.5,PayPal
TXN_206,102.0,204,2026-09-02,-50.0,PayPal
TXN_207,105.0,201,2026-09-02,-50.0,Bank Transfer
TXN_208,,202,Invalid_Date,,Credit Card
TXN_209,101.0,204,2026-09-02,-50.0,PayPal
TXN_210,103.0,204,,120.5,Bank Transfer
TXN_211,103.0,202,2026-09-01,15000.0,
TXN_212,103.0,201,,-50.0,
TXN_213,105.0,204,,450.0,PayPal
TXN_214,,202,2026-09-01,450.0,Credit Card
TXN_215,102.0,201,,120.5,PayPal
TXN_216,105.0,204,2026-09-01,15000.0,Credit Card
TXN_217,104.0,202,,15000.0,Credit Card
TXN_218,,204,2026-09-01,,Bank Transfer
TXN_219,999.0,203,2026-09-02,15000.0,PayPal
TXN_220,,202,2026-09-01,15000.0,
TXN_221,104.0,202,Invalid_Date,450.0,PayPal
TXN_222,103.0,204,2026-09-02,450.0,
TXN_223,102.0,202,2026-09-01,,Bank Transfer
TXN_224,104.0,204,Invalid_Date,-50.0,Credit Card
TXN_225,104.0,204,,,PayPal
TXN_226,999.0,201,,450.0,PayPal
TXN_227,102.0,201,2026-09-01,120.5,
TXN_228,103.0,204,Invalid_Date,450.0,Bank Transfer
TXN_229,104.0,203,Invalid_Date,-50.0,Bank Transfer
TXN_230,101.0,201,2026-09-02,120.5,Credit Card
TXN_231,105.0,201,2026-09-01,,
TXN_232,104.0,202,Invalid_Date,-50.0,Credit Card
TXN_233,102.0,201,2026-09-02,15000.0,Bank Transfer
TXN_234,101.0,201,,,PayPal
TXN_235,102.0,202,2026-09-01,-50.0,Credit Card
TXN_236,105.0,202,Invalid_Date,15000.0,Credit Card
TXN_237,104.0,202,,450.0,
TXN_238,104.0,202,2026-09-02,,PayPal
TXN_239,104.0,201,2026-09-02,15000.0,Bank Transfer
TXN_240,999.0,203,Invalid_Date,,
TXN_241,102.0,202,Invalid_Date,120.5,PayPal
TXN_242,999.0,203,2026-09-02,450.0,
TXN_243,103.0,204,2026-09-02,450.0,Bank Transfer
TXN_244,999.0,202,Invalid_Date,15000.0,Credit Card
TXN_245,999.0,202,2026-09-02,15000.0,Credit Card
TXN_246,105.0,204,Invalid_Date,450.0,
TXN_247,105.0,202,2026-09-02,120.5,PayPal
TXN_248,105.0,202,2026-09-02,15000.0,Bank Transfer
TXN_249,104.0,202,2026-09-01,120.5,Bank Transfer
TXN_250,,202,Invalid_Date,120.5,
TXN_251,105.0,201,2026-09-01,120.5,Credit Card
TXN_252,102.0,204,2026-09-01,15000.0,Bank Transfer
TXN_253,104.0,202,Invalid_Date,,PayPal
TXN_254,101.0,202,,450.0,Bank Transfer
TXN_255,103.0,202,2026-09-01,120.5,PayPal
TXN_256,102.0,204,2026-09-02,-50.0,
TXN_257,105.0,204,,,Credit Card
TXN_258,105.0,203,2026-09-01,-50.0,PayPal
TXN_259,105.0,201,2026-09-02,15000.0,Bank Transfer
TXN_260,105.0,204,2026-09-02,450.0,Bank Transfer
TXN_261,103.0,201,,15000.0,
TXN_262,103.0,202,2026-09-02,120.5,PayPal
TXN_263,,203,2026-09-02,,Credit Card
TXN_264,101.0,202,2026-09-01,450.0,Credit Card
TXN_265,105.0,201,2026-09-01,120.5,Bank Transfer
TXN_266,104.0,201,,120.5,Credit Card
TXN_267,104.0,204,,120.5,PayPal
TXN_268,,204,2026-09-01,120.5,PayPal
TXN_269,103.0,204,2026-09-01,,Credit Card
TXN_270,101.0,202,,450.0,Bank Transfer
TXN_271,105.0,203,2026-09-01,,Credit Card
TXN_272,102.0,202,2026-09-02,15000.0,Bank Transfer
TXN_273,102.0,204,,-50.0,
TXN_274,999.0,203,,,PayPal
TXN_275,101.0,204,,-50.0,Bank Transfer
TXN_276,105.0,204,,15000.0,Bank Transfer
TXN_277,102.0,201,2026-09-01,450.0,
TXN_278,105.0,202,2026-09-02,15000.0,
TXN_279,102.0,204,,450.0,Bank Transfer
TXN_280,,203,,120.5,Bank Transfer
TXN_281,,201,2026-09-02,-50.0,PayPal
TXN_282,999.0,201,2026-09-01,15000.0,Bank Transfer
TXN_283,,201,2026-09-02,,PayPal
TXN_284,104.0,201,Invalid_Date,15000.0,
TXN_285,104.0,204,2026-09-01,450.0,Bank Transfer
TXN_286,102.0,201,,15000.0,
TXN_287,103.0,203,Invalid_Date,,Bank Transfer
TXN_288,999.0,203,2026-09-02,15000.0,Bank Transfer
TXN_289,999.0,201,2026-09-01,15000.0,Bank Transfer
TXN_290,103.0,201,2026-09-02,120.5,PayPal
TXN_291,,203,Invalid_Date,-50.0,
TXN_292,,201,,-50.0,Credit Card
TXN_293,101.0,201,2026-09-02,450.0,PayPal
TXN_294,105.0,203,,450.0,Credit Card
TXN_295,104.0,203,2026-09-01,,Bank Transfer
TXN_296,105.0,202,2026-09-01,-50.0,Credit Card
TXN_297,103.0,204,2026-09-02,15000.0,Bank Transfer
TXN_298,104.0,201,Invalid_Date,,Credit Card
TXN_299,,204,,,Bank Transfer
TXN_300,102.0,202,,450.0,Credit Card
TXN_301,102.0,203,,120.5,
TXN_302,101.0,203,Invalid_Date,15000.0,
TXN_303,102.0,202,2026-09-02,450.0,Credit Card
TXN_304,103.0,204,2026-09-01,-50.0,PayPal
TXN_305,104.0,203,2026-09-02,15000.0,Bank Transfer
TXN_306,103.0,204,,120.5,
TXN_307,999.0,202,2026-09-02,120.5,
TXN_308,105.0,203,2026-09-01,,PayPal
TXN_309,103.0,201,2026-09-02,-50.0,PayPal
TXN_310,102.0,202,2026-09-01,450.0,
TXN_311,999.0,202,2026-09-01,,Credit Card
TXN_312,103.0,202,2026-09-01,,Bank Transfer
TXN_313,,203,2026-09-01,15000.0,
TXN_314,105.0,203,2026-09-02,15000.0,PayPal
TXN_315,105.0,204,,15000.0,Bank Transfer
TXN_316,104.0,202,,-50.0,Credit Card
TXN_317,101.0,202,Invalid_Date,15000.0,Credit Card
TXN_318,103.0,202,Invalid_Date,-50.0,Credit Card
TXN_319,105.0,204,,-50.0,Credit Card
TXN_320,104.0,203,Invalid_Date,120.5,PayPal
TXN_321,999.0,203,2026-09-01,15000.0,Credit Card
TXN_322,,203,,-50.0,Credit Card
TXN_323,999.0,203,2026-09-01,450.0,PayPal
TXN_324,999.0,202,,,
TXN_325,101.0,204,2026-09-02,-50.0,Credit Card
TXN_326,999.0,201,,15000.0,Bank Transfer
TXN_327,102.0,203,,120.5,Bank Transfer
TXN_328,103.0,204,2026-09-01,15000.0,Credit Card
TXN_329,103.0,204,Invalid_Date,450.0,Credit Card
TXN_330,999.0,201,2026-09-02,-50.0,Bank Transfer
TXN_331,105.0,202,Invalid_Date,120.5,Bank Transfer
TXN_332,999.0,202,Invalid_Date,450.0,Credit Card
TXN_333,103.0,202,2026-09-02,-50.0,Credit Card
TXN_334,101.0,202,2026-09-02,15000.0,Credit Card
TXN_335,104.0,203,,450.0,Bank Transfer
TXN_336,101.0,201,2026-09-01,,PayPal
TXN_337,104.0,204,,15000.0,Credit Card
TXN_338,999.0,203,,15000.0,Bank Transfer
TXN_339,102.0,204,2026-09-02,-50.0,Bank Transfer
TXN_340,104.0,204,,,PayPal
TXN_341,102.0,204,Invalid_Date,,
TXN_342,999.0,202,,-50.0,PayPal
TXN_343,101.0,201,2026-09-01,120.5,Credit Card
TXN_344,101.0,204,Invalid_Date,,PayPal
TXN_345,104.0,201,Invalid_Date,,Bank Transfer
TXN_346,103.0,201,2026-09-01,-50.0,
TXN_347,101.0,203,2026-09-01,-50.0,Bank Transfer
TXN_348,101.0,204,2026-09-02,120.5,
TXN_349,104.0,203,,450.0,PayPal
TXN_350,104.0,201,2026-09-01,450.0,Bank Transfer
TXN_351,103.0,202,Invalid_Date,-50.0,PayPal
TXN_352,,204,2026-09-02,15000.0,Credit Card
TXN_353,999.0,201,2026-09-02,,Bank Transfer
TXN_354,105.0,203,Invalid_Date,450.0,Bank Transfer
TXN_355,,203,2026-09-02,-50.0,Bank Transfer
TXN_356,999.0,204,2026-09-01,,PayPal
TXN_357,101.0,203,,120.5,Credit Card
TXN_358,102.0,203,Invalid_Date,-50.0,
TXN_359,104.0,201,Invalid_Date,,PayPal
TXN_360,101.0,204,Invalid_Date,15000.0,Bank Transfer
TXN_361,101.0,202,,450.0,
TXN_362,999.0,202,2026-09-02,450.0,Bank Transfer
TXN_363,999.0,204,2026-09-02,15000.0,Credit Card
TXN_364,101.0,204,2026-09-01,,Bank Transfer
TXN_365,101.0,201,,,
TXN_366,102.0,203,Invalid_Date,15000.0,Bank Transfer
TXN_367,101.0,202,2026-09-02,120.5,Credit Card
TXN_368,102.0,204,2026-09-01,120.5,Credit Card
TXN_369,101.0,202,,120.5,Credit Card
TXN_370,999.0,202,,15000.0,
TXN_371,104.0,202,,450.0,Credit Card
TXN_372,101.0,202,,15000.0,Bank Transfer
TXN_373,102.0,201,,15000.0,Bank Transfer
TXN_374,,203,Invalid_Date,120.5,Bank Transfer
TXN_375,104.0,202,Invalid_Date,-50.0,Bank Transfer
TXN_376,999.0,204,2026-09-02,120.5,Bank Transfer
TXN_377,,203,Invalid_Date,120.5,Credit Card
TXN_378,103.0,201,Invalid_Date,15000.0,Bank Transfer
TXN_379,,201,,-50.0,PayPal
TXN_380,105.0,202,2026-09-02,,PayPal
TXN_381,102.0,204,2026-09-01,-50.0,PayPal
TXN_382,105.0,204,2026-09-01,120.5,Credit Card
TXN_383,105.0,204,2026-09-02,450.0,PayPal
TXN_384,105.0,202,Invalid_Date,15000.0,Bank Transfer
TXN_385,999.0,204,,,Credit Card
TXN_386,104.0,202,2026-09-01,120.5,Credit Card
TXN_387,999.0,201,Invalid_Date,-50.0,
TXN_388,103.0,204,,450.0,PayPal
TXN_389,101.0,202,,120.5,Credit Card
TXN_390,999.0,204,,120.5,PayPal
TXN_391,999.0,202,2026-09-02,15000.0,PayPal
TXN_392,999.0,201,2026-09-02,120.5,Bank Transfer
TXN_393,,204,2026-09-02,,Bank Transfer
TXN_394,102.0,204,Invalid_Date,120.5,Credit Card
TXN_395,104.0,201,2026-09-01,15000.0,Bank Transfer
TXN_396,102.0,202,Invalid_Date,-50.0,Credit Card
TXN_397,,201,Invalid_Date,15000.0,
TXN_398,103.0,201,2026-09-02,120.5,PayPal
TXN_399,101.0,203,2026-09-02,-50.0,Bank Transfer
TXN_400,102.0,204,2026-09-02,450.0,Credit Card
TXN_401,104.0,204,,,Credit Card
TXN_402,,202,2026-09-01,,Credit Card
TXN_403,101.0,204,2026-09-01,-50.0,
TXN_404,103.0,202,2026-09-02,450.0,Bank Transfer
TXN_405,102.0,204,2026-09-02,450.0,Bank Transfer
TXN_406,102.0,204,2026-09-01,120.5,Bank Transfer
TXN_407,102.0,201,2026-09-02,-50.0,PayPal
TXN_408,103.0,202,Invalid_Date,,Bank Transfer
TXN_409,102.0,202,Invalid_Date,,Bank Transfer
TXN_410,101.0,201,Invalid_Date,450.0,
TXN_411,102.0,202,2026-09-02,,PayPal
TXN_412,102.0,201,,15000.0,Credit Card
TXN_413,104.0,204,2026-09-01,15000.0,Credit Card
TXN_414,105.0,202,,120.5,Bank Transfer
TXN_415,104.0,204,2026-09-02,450.0,Bank Transfer
TXN_416,,201,2026-09-01,-50.0,PayPal
TXN_417,104.0,202,,120.5,Credit Card
TXN_418,999.0,204,2026-09-01,450.0,
TXN_419,104.0,202,2026-09-02,15000.0,
TXN_420,103.0,203,2026-09-01,15000.0,Bank Transfer
TXN_421,101.0,202,,15000.0,PayPal
TXN_422,105.0,202,Invalid_Date,-50.0,
TXN_423,101.0,203,2026-09-01,450.0,Bank Transfer
TXN_424,999.0,201,,15000.0,Credit Card
TXN_425,999.0,204,,120.5,PayPal
TXN_426,103.0,204,Invalid_Date,120.5,Credit Card
TXN_427,102.0,204,Invalid_Date,,Credit Card
TXN_428,999.0,202,2026-09-01,15000.0,Bank Transfer
TXN_429,102.0,201,2026-09-01,-50.0,PayPal
TXN_430,,203,Invalid_Date,15000.0,
TXN_431,104.0,204,2026-09-02,120.5,PayPal
TXN_432,102.0,201,,450.0,Bank Transfer
TXN_433,,201,2026-09-02,120.5,Credit Card
TXN_434,101.0,201,2026-09-01,-50.0,Credit Card
TXN_435,999.0,203,2026-09-01,120.5,PayPal
TXN_436,105.0,204,2026-09-02,-50.0,
TXN_437,103.0,202,2026-09-02,15000.0,
TXN_438,101.0,202,Invalid_Date,450.0,Credit Card
TXN_439,103.0,201,2026-09-02,,Bank Transfer
TXN_440,102.0,203,2026-09-01,450.0,Credit Card
TXN_441,101.0,204,2026-09-02,15000.0,Bank Transfer
TXN_442,,201,2026-09-01,120.5,Credit Card
TXN_443,104.0,202,2026-09-01,15000.0,Credit Card
TXN_444,105.0,202,2026-09-01,450.0,
TXN_445,104.0,202,,120.5,PayPal
TXN_446,101.0,202,2026-09-02,120.5,PayPal
TXN_447,103.0,201,2026-09-02,-50.0,
TXN_448,103.0,201,2026-09-01,-50.0,Bank Transfer
TXN_449,105.0,204,2026-09-02,450.0,Credit Card
TXN_450,102.0,202,2026-09-02,,Credit Card
TXN_451,102.0,203,2026-09-02,-50.0,
TXN_452,105.0,203,,120.5,Credit Card
TXN_453,999.0,202,Invalid_Date,,
TXN_454,,203,2026-09-01,120.5,Credit Card
TXN_455,104.0,203,,-50.0,PayPal
TXN_456,105.0,203,,15000.0,Credit Card
TXN_457,104.0,201,2026-09-01,15000.0,
TXN_458,104.0,202,2026-09-01,120.5,Bank Transfer
TXN_459,103.0,202,2026-09-01,,
TXN_460,104.0,204,2026-09-01,,Credit Card
TXN_461,103.0,201,Invalid_Date,15000.0,PayPal
TXN_462,,204,,-50.0,
TXN_463,999.0,201,,-50.0,
TXN_464,105.0,201,2026-09-02,15000.0,Credit Card
TXN_465,,203,Invalid_Date,15000.0,PayPal
TXN_466,105.0,204,Invalid_Date,450.0,
TXN_467,102.0,204,Invalid_Date,-50.0,PayPal
TXN_468,999.0,203,Invalid_Date,120.5,Bank Transfer
TXN_469,102.0,204,Invalid_Date,15000.0,Credit Card
TXN_470,999.0,202,2026-09-02,15000.0,Credit Card
TXN_471,105.0,204,2026-09-01,120.5,PayPal
TXN_472,101.0,202,,-50.0,Bank Transfer
TXN_473,101.0,203,2026-09-01,-50.0,Credit Card
TXN_474,102.0,202,2026-09-02,,Bank Transfer
TXN_475,105.0,201,2026-09-01,120.5,Bank Transfer
TXN_476,999.0,204,Invalid_Date,120.5,Credit Card
TXN_477,999.0,202,Invalid_Date,-50.0,PayPal
TXN_478,105.0,202,,120.5,PayPal
TXN_479,102.0,202,2026-09-01,,Credit Card
TXN_480,101.0,202,,120.5,PayPal
TXN_481,,203,Invalid_Date,15000.0,Bank Transfer
TXN_482,999.0,203,2026-09-02,450.0,PayPal
TXN_483,102.0,202,2026-09-02,,
TXN_484,101.0,202,2026-09-01,-50.0,Bank Transfer
TXN_485,102.0,204,2026-09-01,120.5,
TXN_486,,201,Invalid_Date,450.0,
TXN_487,999.0,204,2026-09-01,120.5,Credit Card
TXN_488,104.0,204,2026-09-02,120.5,
TXN_489,102.0,202,Invalid_Date,120.5,
TXN_490,103.0,202,Invalid_Date,120.5,PayPal
TXN_491,105.0,203,Invalid_Date,,PayPal
TXN_492,999.0,202,Invalid_Date,-50.0,Credit Card
TXN_493,104.0,202,Invalid_Date,450.0,
TXN_494,102.0,203,Invalid_Date,15000.0,Credit Card
TXN_495,103.0,201,,450.0,Credit Card
TXN_496,102.0,204,2026-09-02,,Credit Card
TXN_497,103.0,203,2026-09-02,,Bank Transfer
TXN_498,105.0,202,Invalid_Date,450.0,PayPal
TXN_499,103.0,203,,-50.0,PayPal
TXN_500,103.0,201,Invalid_Date,15000.0,Bank Transfer
TXN_501,103.0,204,2026-09-02,120.5,Credit Card
TXN_502,104.0,203,Invalid_Date,450.0,PayPal
TXN_503,104.0,201,Invalid_Date,120.5,Credit Card
TXN_504,,201,Invalid_Date,,PayPal
TXN_505,105.0,203,Invalid_Date,,Credit Card
TXN_506,105.0,204,Invalid_Date,,
TXN_507,,203,2026-09-02,450.0,Bank Transfer
TXN_508,102.0,203,Invalid_Date,450.0,
TXN_509,101.0,203,Invalid_Date,15000.0,Bank Transfer
TXN_510,999.0,203,,450.0,
TXN_511,105.0,201,2026-09-02,15000.0,
TXN_512,105.0,203,Invalid_Date,15000.0,
TXN_513,,204,2026-09-02,-50.0,PayPal
TXN_514,104.0,204,2026-09-01,450.0,Bank Transfer
TXN_515,102.0,204,2026-09-01,15000.0,
TXN_516,105.0,202,2026-09-01,120.5,PayPal
TXN_517,,203,2026-09-02,450.0,Bank Transfer
TXN_518,101.0,203,2026-09-02,120.5,PayPal
TXN_519,103.0,201,Invalid_Date,450.0,Bank Transfer
TXN_520,105.0,202,2026-09-01,-50.0,
TXN_521,,201,,-50.0,Bank Transfer
TXN_522,102.0,201,Invalid_Date,450.0,Credit Card
TXN_523,103.0,202,2026-09-01,120.5,
TXN_524,103.0,203,Invalid_Date,,Credit Card
TXN_525,101.0,202,2026-09-01,450.0,PayPal
TXN_526,999.0,203,2026-09-01,15000.0,
TXN_527,105.0,201,2026-09-01,15000.0,PayPal
TXN_528,,203,2026-09-01,,PayPal
TXN_529,101.0,204,2026-09-01,450.0,Credit Card
TXN_530,103.0,201,2026-09-01,-50.0,Bank Transfer
TXN_531,,201,Invalid_Date,-50.0,Bank Transfer
TXN_532,105.0,204,Invalid_Date,15000.0,PayPal
TXN_533,105.0,201,2026-09-01,450.0,Credit Card
TXN_534,,201,,120.5,PayPal
TXN_535,102.0,204,2026-09-02,,Credit Card
TXN_536,102.0,202,Invalid_Date,15000.0,PayPal
TXN_537,105.0,204,2026-09-01,15000.0,PayPal
TXN_538,999.0,201,2026-09-02,450.0,PayPal
TXN_539,,204,2026-09-01,450.0,
TXN_540,101.0,201,Invalid_Date,15000.0,PayPal
TXN_541,104.0,203,Invalid_Date,-50.0,Credit Card
TXN_542,103.0,201,2026-09-01,,PayPal
TXN_543,102.0,202,,-50.0,
TXN_544,101.0,201,2026-09-01,120.5,PayPal
TXN_545,103.0,202,Invalid_Date,,Credit Card
TXN_546,999.0,204,Invalid_Date,15000.0,
TXN_547,101.0,203,2026-09-01,-50.0,PayPal
TXN_548,101.0,203,2026-09-02,120.5,Bank Transfer
TXN_549,105.0,202,2026-09-02,,Credit Card
TXN_550,101.0,204,2026-09-02,120.5,Bank Transfer
TXN_551,101.0,202,,,Bank Transfer
TXN_552,,201,,-50.0,PayPal
TXN_553,101.0,204,,,PayPal
TXN_554,103.0,202,2026-09-01,450.0,Credit Card
TXN_555,103.0,204,2026-09-01,450.0,Bank Transfer
TXN_556,104.0,204,,120.5,PayPal
TXN_557,,201,2026-09-01,-50.0,
TXN_558,104.0,203,2026-09-01,450.0,Credit Card
TXN_559,999.0,201,Invalid_Date,120.5,Bank Transfer
TXN_560,102.0,201,2026-09-02,,Credit Card
TXN_561,,202,2026-09-02,120.5,
TXN_562,103.0,203,2026-09-01,120.5,PayPal
TXN_563,,204,2026-09-01,,Bank Transfer
TXN_564,999.0,203,Invalid_Date,120.5,PayPal
TXN_565,105.0,204,2026-09-01,450.0,
TXN_566,103.0,204,Invalid_Date,-50.0,Bank Transfer
TXN_567,,203,Invalid_Date,450.0,
TXN_568,999.0,202,2026-09-01,,Bank Transfer
TXN_569,103.0,202,,450.0,
TXN_570,105.0,204,,450.0,Credit Card
TXN_571,999.0,201,2026-09-02,,
TXN_572,104.0,203,2026-09-02,15000.0,Credit Card
TXN_573,999.0,202,2026-09-01,,
TXN_574,103.0,201,,120.5,PayPal
TXN_575,102.0,204,Invalid_Date,120.5,
TXN_576,101.0,201,,450.0,PayPal
TXN_577,103.0,204,2026-09-01,15000.0,PayPal
TXN_578,105.0,204,Invalid_Date,120.5,Bank Transfer
TXN_579,,203,2026-09-02,-50.0,Bank Transfer
TXN_580,999.0,201,2026-09-01,15000.0,Bank Transfer
TXN_581,102.0,201,2026-09-01,-50.0,Credit Card
TXN_582,103.0,204,,120.5,PayPal
TXN_583,105.0,202,2026-09-02,15000.0,Credit Card
TXN_584,103.0,204,Invalid_Date,-50.0,Bank Transfer
TXN_585,103.0,201,2026-09-02,120.5,Bank Transfer
TXN_586,102.0,201,,-50.0,PayPal
TXN_587,103.0,202,,450.0,Credit Card
TXN_588,102.0,203,Invalid_Date,450.0,
TXN_589,,201,Invalid_Date,-50.0,Credit Card
TXN_590,103.0,201,,120.5,Bank Transfer
TXN_591,105.0,202,2026-09-01,-50.0,Credit Card
TXN_592,999.0,201,Invalid_Date,,Credit Card
TXN_593,105.0,204,,120.5,
TXN_594,102.0,203,,450.0,Credit Card
TXN_595,102.0,202,Invalid_Date,15000.0,Bank Transfer
TXN_596,104.0,201,2026-09-02,120.5,PayPal
TXN_597,105.0,201,2026-09-01,-50.0,Credit Card
TXN_598,999.0,201,Invalid_Date,450.0,Credit Card
TXN_599,104.0,202,2026-09-01,120.5,
TXN_600,102.0,204,2026-09-02,-50.0,PayPal
TXN_601,104.0,203,,120.5,PayPal
TXN_602,105.0,201,,450.0,
TXN_603,102.0,202,Invalid_Date,450.0,Bank Transfer
TXN_604,,204,,120.5,Bank Transfer
TXN_605,105.0,202,2026-09-02,-50.0,Credit Card
TXN_606,103.0,204,2026-09-02,450.0,PayPal
TXN_607,,201,,15000.0,Credit Card
TXN_608,999.0,201,Invalid_Date,-50.0,Bank Transfer
TXN_609,105.0,201,Invalid_Date,450.0,Credit Card
TXN_610,,201,Invalid_Date,15000.0,Bank Transfer
TXN_611,101.0,202,2026-09-02,120.5,
TXN_612,101.0,203,2026-09-01,120.5,
TXN_613,104.0,201,,15000.0,Credit Card
TXN_614,102.0,204,2026-09-02,120.5,
TXN_615,102.0,204,Invalid_Date,120.5,Bank Transfer
TXN_616,101.0,204,2026-09-02,120.5,
TXN_617,105.0,203,2026-09-01,120.5,PayPal
TXN_618,102.0,201,2026-09-02,120.5,Bank Transfer
TXN_619,,201,,450.0,
TXN_620,102.0,201,2026-09-01,,Bank Transfer
TXN_621,105.0,201,Invalid_Date,,Credit Card
TXN_622,105.0,204,,120.5,Bank Transfer
TXN_623,999.0,202,2026-09-02,,Bank Transfer
TXN_624,,203,2026-09-01,15000.0,PayPal
TXN_625,101.0,203,2026-09-02,450.0,
TXN_626,101.0,203,2026-09-02,120.5,Credit Card
TXN_627,,202,Invalid_Date,-50.0,
TXN_628,105.0,204,Invalid_Date,-50.0,
TXN_629,,201,2026-09-01,120.5,Bank Transfer
TXN_630,104.0,204,2026-09-02,-50.0,PayPal
TXN_631,,201,,120.5,PayPal
TXN_632,,203,,-50.0,Credit Card
TXN_633,999.0,201,2026-09-01,120.5,Bank Transfer
TXN_634,101.0,204,2026-09-02,450.0,Credit Card
TXN_635,102.0,203,Invalid_Date,450.0,Credit Card
TXN_636,104.0,203,,,Bank Transfer
TXN_637,105.0,202,Invalid_Date,120.5,PayPal
TXN_638,,203,2026-09-02,450.0,
TXN_639,104.0,201,2026-09-01,450.0,Credit Card
TXN_640,105.0,202,2026-09-02,,PayPal
TXN_641,102.0,204,Invalid_Date,450.0,PayPal
TXN_642,,204,2026-09-02,,Bank Transfer
TXN_643,104.0,204,,-50.0,PayPal
TXN_644,103.0,204,Invalid_Date,120.5,Credit Card
TXN_645,104.0,202,,15000.0,Credit Card
TXN_646,101.0,203,2026-09-01,,Credit Card
TXN_647,102.0,201,2026-09-02,,Credit Card
TXN_648,999.0,204,2026-09-02,120.5,Credit Card
TXN_649,102.0,203,Invalid_Date,15000.0,Bank Transfer
TXN_650,104.0,202,2026-09-01,120.5,
TXN_651,104.0,203,2026-09-01,,PayPal
TXN_652,,203,2026-09-01,15000.0,PayPal
TXN_653,104.0,203,2026-09-02,,Credit Card
TXN_654,103.0,201,2026-09-02,-50.0,
TXN_655,105.0,202,2026-09-01,120.5,
TXN_656,105.0,204,,450.0,
TXN_657,103.0,203,Invalid_Date,120.5,
TXN_658,104.0,203,Invalid_Date,-50.0,Bank Transfer
TXN_659,103.0,204,Invalid_Date,-50.0,Bank Transfer
TXN_660,104.0,204,,120.5,Bank Transfer
TXN_661,,201,2026-09-01,450.0,Bank Transfer
TXN_662,103.0,202,,-50.0,
TXN_663,999.0,202,2026-09-01,,Bank Transfer
TXN_664,101.0,202,Invalid_Date,,
TXN_665,,202,,450.0,Bank Transfer
TXN_666,,203,,,Bank Transfer
TXN_667,103.0,203,,15000.0,PayPal
TXN_668,105.0,201,Invalid_Date,,PayPal
TXN_669,999.0,202,2026-09-02,-50.0,PayPal
TXN_670,103.0,204,2026-09-02,,
TXN_671,105.0,201,Invalid_Date,15000.0,PayPal
TXN_672,,203,Invalid_Date,450.0,Credit Card
TXN_673,103.0,201,2026-09-02,-50.0,
TXN_674,103.0,203,2026-09-01,450.0,
TXN_675,,202,2026-09-02,-50.0,Bank Transfer
TXN_676,102.0,201,2026-09-01,450.0,
TXN_677,,203,2026-09-02,-50.0,Bank Transfer
TXN_678,105.0,203,2026-09-02,15000.0,Credit Card
TXN_679,103.0,202,2026-09-01,15000.0,Credit Card
TXN_680,103.0,201,2026-09-01,-50.0,Credit Card
TXN_681,104.0,201,2026-09-01,,Credit Card
TXN_682,999.0,202,,,Bank Transfer
TXN_683,101.0,203,2026-09-01,,
TXN_684,,203,,450.0,
TXN_685,102.0,204,2026-09-01,15000.0,Credit Card
TXN_686,105.0,202,2026-09-02,,
TXN_687,105.0,201,2026-09-01,-50.0,Credit Card
TXN_688,102.0,204,2026-09-01,450.0,Bank Transfer
TXN_689,105.0,204,2026-09-02,120.5,Bank Transfer
TXN_690,103.0,204,2026-09-01,,
TXN_691,105.0,203,2026-09-02,15000.0,PayPal
TXN_692,999.0,201,2026-09-02,15000.0,Credit Card
TXN_693,104.0,202,2026-09-02,120.5,PayPal
TXN_694,103.0,203,2026-09-01,15000.0,Bank Transfer
TXN_695,104.0,204,2026-09-02,15000.0,Credit Card
TXN_696,104.0,201,2026-09-01,450.0,PayPal
TXN_697,,201,Invalid_Date,120.5,PayPal
TXN_698,105.0,202,Invalid_Date,,PayPal
TXN_699,103.0,204,2026-09-02,-50.0,Bank Transfer
TXN_700,999.0,202,2026-09-02,,Bank Transfer
TXN_701,103.0,201,2026-09-02,,Bank Transfer
TXN_702,999.0,204,,15000.0,PayPal
TXN_703,102.0,204,Invalid_Date,450.0,PayPal
TXN_704,999.0,201,Invalid_Date,15000.0,Credit Card
TXN_705,104.0,201,2026-09-01,-50.0,
TXN_706,,202,Invalid_Date,450.0,Bank Transfer
TXN_707,102.0,201,Invalid_Date,120.5,PayPal
TXN_708,104.0,202,2026-09-02,-50.0,PayPal
TXN_709,101.0,203,Invalid_Date,15000.0,PayPal
TXN_710,,203,,120.5,
TXN_711,103.0,204,,120.5,PayPal
TXN_712,,204,Invalid_Date,15000.0,PayPal
TXN_713,101.0,202,2026-09-02,,Bank Transfer
TXN_714,,202,2026-09-02,,Credit Card
TXN_715,102.0,201,,-50.0,PayPal
TXN_716,105.0,202,,120.5,PayPal
TXN_717,999.0,204,Invalid_Date,120.5,
TXN_718,105.0,202,2026-09-02,120.5,Bank Transfer
TXN_719,103.0,203,Invalid_Date,15000.0,PayPal
TXN_720,103.0,204,2026-09-02,120.5,Bank Transfer
TXN_721,104.0,201,Invalid_Date,-50.0,
TXN_722,104.0,202,2026-09-02,450.0,PayPal
TXN_723,104.0,204,,450.0,PayPal
TXN_724,103.0,202,2026-09-02,,Credit Card
TXN_725,102.0,201,,-50.0,Bank Transfer
TXN_726,104.0,204,Invalid_Date,-50.0,
TXN_727,,202,Invalid_Date,120.5,PayPal
TXN_728,104.0,203,2026-09-02,120.5,
TXN_729,102.0,204,,450.0,
TXN_730,105.0,202,2026-09-01,120.5,PayPal
TXN_731,,201,2026-09-02,450.0,PayPal
TXN_732,,201,,-50.0,Credit Card
TXN_733,999.0,204,,,Credit Card
TXN_734,999.0,201,Invalid_Date,450.0,
TXN_735,101.0,203,Invalid_Date,120.5,Bank Transfer
TXN_736,104.0,201,2026-09-01,-50.0,PayPal
TXN_737,105.0,204,Invalid_Date,-50.0,Credit Card
TXN_738,102.0,203,Invalid_Date,450.0,
TXN_739,105.0,204,2026-09-01,,Bank Transfer
TXN_740,101.0,204,2026-09-02,120.5,Bank Transfer
TXN_741,999.0,203,2026-09-01,,PayPal
TXN_742,104.0,201,2026-09-02,,PayPal
TXN_743,999.0,203,2026-09-01,120.5,Credit Card
TXN_744,104.0,204,,450.0,Credit Card
TXN_745,103.0,203,,450.0,PayPal
TXN_746,101.0,201,2026-09-02,15000.0,Bank Transfer
TXN_747,,204,,15000.0,PayPal
TXN_748,103.0,202,,450.0,PayPal
TXN_749,104.0,201,Invalid_Date,,Bank Transfer
TXN_750,102.0,203,2026-09-02,15000.0,PayPal
TXN_751,105.0,203,2026-09-02,-50.0,Bank Transfer
TXN_752,999.0,204,Invalid_Date,450.0,
TXN_753,104.0,203,Invalid_Date,-50.0,Bank Transfer
TXN_754,999.0,203,Invalid_Date,,Bank Transfer
TXN_755,104.0,204,2026-09-01,-50.0,Bank Transfer
TXN_756,104.0,201,Invalid_Date,15000.0,
TXN_757,104.0,203,,-50.0,Bank Transfer
TXN_758,,203,Invalid_Date,120.5,Credit Card
TXN_759,105.0,204,2026-09-02,120.5,Bank Transfer
TXN_760,,202,2026-09-02,120.5,Bank Transfer
TXN_761,103.0,201,,-50.0,
TXN_762,,204,Invalid_Date,15000.0,PayPal
TXN_763,,203,Invalid_Date,-50.0,PayPal
TXN_764,105.0,202,2026-09-01,,
TXN_765,103.0,204,2026-09-02,,PayPal
TXN_766,103.0,203,,15000.0,Bank Transfer
TXN_767,102.0,204,2026-09-02,120.5,PayPal
TXN_768,101.0,202,Invalid_Date,15000.0,Bank Transfer
TXN_769,,202,Invalid_Date,15000.0,PayPal
TXN_770,102.0,204,2026-09-01,120.5,PayPal
TXN_771,104.0,201,2026-09-01,450.0,
TXN_772,101.0,201,2026-09-01,450.0,Credit Card
TXN_773,999.0,204,2026-09-01,120.5,PayPal
TXN_774,103.0,201,,15000.0,
TXN_775,104.0,202,2026-09-01,15000.0,Credit Card
TXN_776,,203,,15000.0,PayPal
TXN_777,103.0,203,,120.5,Bank Transfer
TXN_778,105.0,201,Invalid_Date,-50.0,PayPal
TXN_779,105.0,204,Invalid_Date,15000.0,Bank Transfer
TXN_780,103.0,201,,-50.0,Bank Transfer
TXN_781,,202,2026-09-02,,Bank Transfer
TXN_782,103.0,203,Invalid_Date,15000.0,PayPal
TXN_783,101.0,201,2026-09-01,,
TXN_784,105.0,203,2026-09-02,-50.0,Bank Transfer
TXN_785,101.0,202,,120.5,PayPal
TXN_786,,203,,120.5,Credit Card
TXN_787,105.0,203,Invalid_Date,,Credit Card
TXN_788,101.0,202,2026-09-02,450.0,PayPal
TXN_789,102.0,202,Invalid_Date,-50.0,PayPal
TXN_790,105.0,203,2026-09-02,450.0,PayPal
TXN_791,102.0,201,Invalid_Date,15000.0,
TXN_792,,203,2026-09-01,-50.0,Bank Transfer
TXN_793,104.0,202,2026-09-01,-50.0,
TXN_794,999.0,202,Invalid_Date,450.0,PayPal
TXN_795,103.0,204,,15000.0,
TXN_796,999.0,201,2026-09-01,15000.0,Bank Transfer
TXN_797,999.0,201,2026-09-01,15000.0,PayPal
TXN_798,101.0,201,2026-09-01,120.5,Credit Card
TXN_799,104.0,204,Invalid_Date,120.5,
TXN_800,105.0,204,2026-09-02,450.0,Credit Card
TXN_801,104.0,203,2026-09-02,120.5,PayPal
TXN_802,105.0,203,2026-09-02,15000.0,Credit Card
TXN_803,,204,2026-09-02,450.0,Bank Transfer
TXN_804,,202,2026-09-02,120.5,Bank Transfer
TXN_805,,203,Invalid_Date,-50.0,
TXN_806,,202,2026-09-02,15000.0,
TXN_807,101.0,201,,-50.0,Bank Transfer
TXN_808,102.0,201,2026-09-01,15000.0,Credit Card
TXN_809,102.0,203,Invalid_Date,,Bank Transfer
TXN_810,,202,2026-09-02,450.0,Credit Card
TXN_811,999.0,201,Invalid_Date,,Bank Transfer
TXN_812,105.0,202,Invalid_Date,450.0,
TXN_813,101.0,204,2026-09-01,,PayPal
TXN_814,102.0,201,2026-09-01,,Credit Card
TXN_815,104.0,201,Invalid_Date,,Bank Transfer
TXN_816,105.0,203,Invalid_Date,-50.0,Bank Transfer
TXN_817,,201,2026-09-02,450.0,PayPal
TXN_818,102.0,204,,15000.0,Credit Card
TXN_819,103.0,201,2026-09-01,120.5,
TXN_820,101.0,201,2026-09-01,450.0,Bank Transfer
TXN_821,999.0,203,2026-09-01,450.0,Credit Card
TXN_822,104.0,202,,-50.0,
TXN_823,102.0,203,2026-09-02,,Credit Card
TXN_824,999.0,201,,-50.0,PayPal
TXN_825,102.0,201,Invalid_Date,120.5,Bank Transfer
TXN_826,102.0,203,,120.5,
TXN_827,999.0,201,2026-09-02,,Credit Card
TXN_828,104.0,201,2026-09-02,15000.0,Bank Transfer
TXN_829,,203,2026-09-01,-50.0,PayPal
TXN_830,104.0,204,Invalid_Date,15000.0,
TXN_831,101.0,201,2026-09-01,120.5,PayPal
TXN_832,999.0,204,2026-09-02,120.5,Bank Transfer
TXN_833,999.0,204,Invalid_Date,120.5,Credit Card
TXN_834,101.0,202,,-50.0,PayPal
TXN_835,103.0,201,,,Bank Transfer
TXN_836,999.0,203,Invalid_Date,15000.0,Bank Transfer
TXN_837,105.0,202,,120.5,Bank Transfer
TXN_838,104.0,202,Invalid_Date,15000.0,
TXN_839,101.0,202,,-50.0,PayPal
TXN_840,102.0,204,Invalid_Date,120.5,
TXN_841,,204,2026-09-01,450.0,PayPal
TXN_842,999.0,204,2026-09-01,15000.0,Bank Transfer
TXN_843,,203,2026-09-01,15000.0,Credit Card
TXN_844,103.0,203,2026-09-02,450.0,Credit Card
TXN_845,104.0,202,,,Credit Card
TXN_846,104.0,203,,15000.0,Credit Card
TXN_847,999.0,204,2026-09-02,120.5,
TXN_848,103.0,202,2026-09-02,,Credit Card
TXN_849,105.0,203,Invalid_Date,-50.0,PayPal
TXN_850,,204,2026-09-02,-50.0,Credit Card
TXN_851,101.0,201,2026-09-01,120.5,PayPal
TXN_852,103.0,201,,15000.0,Bank Transfer
TXN_853,102.0,202,2026-09-02,15000.0,Credit Card
TXN_854,104.0,202,Invalid_Date,120.5,
TXN_855,103.0,204,2026-09-01,450.0,
TXN_856,101.0,203,2026-09-02,15000.0,Credit Card
TXN_857,103.0,203,2026-09-02,120.5,Credit Card
TXN_858,104.0,202,,120.5,Credit Card
TXN_859,103.0,201,,120.5,Bank Transfer
TXN_860,102.0,201,2026-09-02,15000.0,
TXN_861,,204,Invalid_Date,450.0,Bank Transfer
TXN_862,999.0,202,2026-09-02,-50.0,Bank Transfer
TXN_863,102.0,203,Invalid_Date,450.0,Credit Card
TXN_864,105.0,204,,450.0,PayPal
TXN_865,,202,Invalid_Date,,
TXN_866,104.0,203,,,Bank Transfer
TXN_867,999.0,201,2026-09-02,120.5,PayPal
TXN_868,103.0,202,2026-09-01,,Bank Transfer
TXN_869,104.0,204,2026-09-02,450.0,Bank Transfer
TXN_870,101.0,203,,,Bank Transfer
TXN_871,999.0,204,2026-09-02,-50.0,
TXN_872,103.0,202,,15000.0,PayPal
TXN_873,103.0,201,Invalid_Date,120.5,PayPal
TXN_874,104.0,203,,120.5,PayPal
TXN_875,105.0,201,2026-09-02,-50.0,
TXN_876,,202,Invalid_Date,15000.0,Credit Card
TXN_877,999.0,204,2026-09-02,15000.0,Credit Card
TXN_878,104.0,201,2026-09-02,-50.0,Bank Transfer
TXN_879,,201,,120.5,
TXN_880,102.0,202,,-50.0,PayPal
TXN_881,,201,2026-09-02,120.5,Bank Transfer
TXN_882,105.0,202,2026-09-02,15000.0,Credit Card
TXN_883,999.0,202,2026-09-02,,Bank Transfer
TXN_884,,202,2026-09-02,,PayPal
TXN_885,103.0,202,2026-09-02,,
TXN_886,103.0,201,Invalid_Date,,Credit Card
TXN_887,105.0,204,2026-09-02,450.0,PayPal
TXN_888,101.0,201,2026-09-02,,Bank Transfer
TXN_889,105.0,204,Invalid_Date,120.5,Bank Transfer
TXN_890,103.0,203,2026-09-02,-50.0,PayPal
TXN_891,101.0,202,2026-09-02,-50.0,PayPal
TXN_892,102.0,204,,,PayPal
TXN_893,,204,2026-09-01,120.5,PayPal
TXN_894,105.0,202,,450.0,
TXN_895,104.0,202,,-50.0,Credit Card
TXN_896,101.0,204,2026-09-02,-50.0,PayPal
TXN_897,105.0,201,2026-09-01,,Credit Card
TXN_898,,204,Invalid_Date,15000.0,PayPal
TXN_899,102.0,201,,,Credit Card
TXN_900,104.0,202,2026-09-01,,Credit Card
TXN_901,104.0,204,2026-09-01,,PayPal
TXN_902,104.0,202,Invalid_Date,-50.0,Credit Card
TXN_903,102.0,203,2026-09-01,-50.0,
TXN_904,,202,,15000.0,Bank Transfer
TXN_905,102.0,201,Invalid_Date,15000.0,Credit Card
TXN_906,103.0,203,2026-09-02,,Credit Card
TXN_907,102.0,202,,15000.0,Credit Card
TXN_908,104.0,201,,15000.0,Bank Transfer
TXN_909,,202,2026-09-01,-50.0,Credit Card
TXN_910,102.0,203,2026-09-01,120.5,
TXN_911,102.0,202,2026-09-01,,
TXN_912,,202,2026-09-01,-50.0,Credit Card
TXN_913,999.0,204,2026-09-01,15000.0,Credit Card
TXN_914,101.0,203,Invalid_Date,-50.0,Bank Transfer
TXN_915,101.0,201,Invalid_Date,120.5,Bank Transfer
TXN_916,102.0,201,2026-09-01,-50.0,PayPal
TXN_917,101.0,203,2026-09-02,120.5,PayPal
TXN_918,105.0,203,Invalid_Date,-50.0,PayPal
TXN_919,101.0,204,Invalid_Date,-50.0,Bank Transfer
TXN_920,104.0,204,2026-09-02,450.0,Credit Card
TXN_921,104.0,201,2026-09-01,-50.0,Bank Transfer
TXN_922,104.0,201,,120.5,Credit Card
TXN_923,105.0,201,2026-09-02,450.0,Credit Card
TXN_924,104.0,204,2026-09-01,-50.0,Bank Transfer
TXN_925,104.0,201,2026-09-02,120.5,Bank Transfer
TXN_926,105.0,202,Invalid_Date,15000.0,Credit Card
TXN_927,103.0,204,2026-09-02,-50.0,Credit Card
TXN_928,101.0,201,2026-09-01,,Bank Transfer
TXN_929,999.0,204,2026-09-02,450.0,Credit Card
TXN_930,101.0,201,Invalid_Date,450.0,
TXN_931,999.0,203,2026-09-02,-50.0,Bank Transfer
TXN_932,103.0,204,2026-09-01,120.5,PayPal
TXN_933,104.0,204,2026-09-01,15000.0,Bank Transfer
TXN_934,102.0,201,2026-09-02,-50.0,Credit Card
TXN_935,104.0,204,,120.5,Credit Card
TXN_936,105.0,201,2026-09-01,-50.0,Bank Transfer
TXN_937,,203,2026-09-01,120.5,Credit Card
TXN_938,102.0,201,,15000.0,PayPal
TXN_939,101.0,201,2026-09-02,,Bank Transfer
TXN_940,104.0,204,Invalid_Date,120.5,Bank Transfer
TXN_941,103.0,202,2026-09-02,-50.0,Credit Card
TXN_942,999.0,202,,15000.0,Credit Card
TXN_943,999.0,204,Invalid_Date,120.5,PayPal
TXN_944,105.0,202,2026-09-02,15000.0,Bank Transfer
TXN_945,101.0,203,2026-09-02,-50.0,Bank Transfer
TXN_946,,202,2026-09-01,120.5,Bank Transfer
TXN_947,104.0,204,Invalid_Date,,
TXN_948,105.0,201,Invalid_Date,450.0,PayPal
TXN_949,105.0,202,,15000.0,PayPal
TXN_950,104.0,203,2026-09-01,120.5,PayPal
TXN_951,103.0,201,,15000.0,PayPal
TXN_952,104.0,203,2026-09-02,-50.0,PayPal
TXN_953,101.0,203,2026-09-02,,
TXN_954,102.0,203,,-50.0,
TXN_955,101.0,204,Invalid_Date,-50.0,Bank Transfer
TXN_956,101.0,201,Invalid_Date,15000.0,Credit Card
TXN_957,105.0,204,2026-09-02,450.0,Credit Card
TXN_958,105.0,203,2026-09-01,15000.0,Credit Card
TXN_959,104.0,204,2026-09-01,,PayPal
TXN_960,103.0,203,2026-09-02,-50.0,Credit Card
TXN_961,103.0,201,,-50.0,Credit Card
TXN_962,,204,,450.0,
TXN_963,102.0,202,2026-09-02,120.5,
TXN_964,103.0,204,2026-09-02,-50.0,
TXN_965,105.0,202,,15000.0,
TXN_966,104.0,203,2026-09-02,120.5,Bank Transfer
TXN_967,999.0,203,,120.5,Bank Transfer
TXN_968,101.0,201,,-50.0,Credit Card
TXN_969,102.0,202,2026-09-02,15000.0,Bank Transfer
TXN_970,104.0,204,,-50.0,Bank Transfer
TXN_971,101.0,202,2026-09-02,120.5,Credit Card
TXN_972,103.0,203,,15000.0,PayPal
TXN_973,,203,2026-09-02,15000.0,Credit Card
TXN_974,999.0,203,Invalid_Date,120.5,
TXN_975,102.0,203,,-50.0,
TXN_976,105.0,204,,450.0,Bank Transfer
TXN_977,999.0,204,,120.5,Bank Transfer
TXN_978,101.0,202,,,Credit Card
TXN_979,102.0,204,,120.5,Bank Transfer
TXN_980,999.0,201,2026-09-01,120.5,PayPal
TXN_981,102.0,203,2026-09-02,450.0,Bank Transfer
TXN_982,101.0,204,2026-09-01,15000.0,PayPal
TXN_983,,202,Invalid_Date,-50.0,Credit Card
TXN_984,105.0,202,,-50.0,Credit Card
TXN_985,103.0,202,,15000.0,
TXN_986,104.0,203,Invalid_Date,,Credit Card
TXN_987,999.0,202,Invalid_Date,,Credit Card
TXN_988,102.0,204,2026-09-02,-50.0,
TXN_989,101.0,201,2026-09-02,15000.0,
TXN_990,999.0,203,2026-09-02,120.5,PayPal
TXN_991,102.0,204,Invalid_Date,,Credit Card
TXN_992,,201,2026-09-02,-50.0,Credit Card
TXN_993,101.0,203,2026-09-02,450.0,
TXN_994,105.0,201,2026-09-02,,
TXN_995,104.0,203,2026-09-02,-50.0,Credit Card
TXN_996,999.0,203,Invalid_Date,-50.0,
TXN_997,102.0,202,Invalid_Date,450.0,PayPal
TXN_998,999.0,204,,15000.0,PayPal
TXN_999,103.0,203,,450.0,
